Workbook

Sheet Projektübersicht
A1: Kunde
A2: Kurzbezeichnung des Vorhabens | D2: # | E2: Vorname | F2: Nachname | G2: Projektbeteiligt von | H2: Projektbeteiligt bis
A3: Projektkürzel intern | D3: 1
A4: Vorhabens-ID | D4: =IF(E4="","",D3+1)
A5: Projektstart | D5: =IF(E5="","",D4+1)
A6: Projektende | D6: =IF(E6="","",D5+1)
A7: Förderprogramm | D7: =IF(E7="","",D6+1)
D8: =IF(E8="","",D7+1)
D9: =IF(E9="","",D8+1)
A10: Legende | D10: =IF(E10="","",D9+1)
D11: =IF(E11="","",D10+1)
B12: Bitte ausfüllen | D12: =IF(E12="","",D11+1)
D13: =IF(E13="","",D12+1)
D14: =IF(E14="","",D13+1)
D15: =IF(E15="","",D14+1)
D16: =IF(E16="","",D15+1)
D17: =IF(E17="","",D16+1)
D18: =IF(E18="","",D17+1)
D19: =IF(E19="","",D18+1)
D20: =IF(E20="","",D19+1)
D21: =IF(E21="","",D20+1)
D22: =IF(E22="","",D21+1)
D23: =IF(E23="","",D22+1)
D24: =IF(E24="","",D23+1)
... D31: =IF(E31="","",D30+1)
D32: =IF(E32="","",D31+1) | G32: =IF($B32="","",#REF!) | H32: =IF($B32="","",#REF!)
D33: =IF(E33="","",#REF!+1)

Sheet IST Gehälter
G1: Monatliches IST Bruttogehalt | T1: Monatliche Kosten zur Zukunftssicherung (i.d.R. Arbeitgeberanteil der Sozialversicherung (RV-, AV-, KV-, PV-Beitrag)) | AG1: RV-Arbeitgeberbeitrag | AT1: AV-Arbeitgeberbeitrag | BG1: KV-Arbeitgeberbeitrag | BT1: PV-Arbeitgeberbeitrag | CG1: Sonstige Kosten zur Zukunftssicherung
A2: # | B2: Vorname | C2: Nachname | E2: Beschäftigt auf Projekt seit | F2: Beschäftigt auf Projekt bis | G2: =YEAR(Projektübersicht!B5) -> 1900 | T2: =G2 -> 1900 | AG2: =G2 -> 1900 | AT2: =G2 -> 1900 | BG2: =G2 -> 1900 | BT2: =G2 -> 1900 | CG2: =G2 -> 1900
A3: # | D3: Kontrolle | G3: Jan | H3: Feb | I3: Mar | J3: Apr | K3: Mai | L3: Jun | M3: Jul | N3: Aug | O3: Sep | P3: Okt | Q3: Nov | R3: Dez | T3: Jan | U3: Feb | V3: Mar | W3: Apr | X3: Mai | Y3: Jun | Z3: Jul | AA3: Aug | AB3: Sep | AC3: Okt | AD3: Nov | AE3: Dez | AG3: Jan | AH3: Feb | AI3: Mar | AJ3: Apr | AK3: Mai | AL3: Jun | AM3: Jul | AN3: Aug | AO3: Sep | AP3: Okt | AQ3: Nov | AR3: Dez | AT3: Jan | AU3: Feb | AV3: Mar | AW3: Apr | AX3: Mai | AY3: Jun | AZ3: Jul | BA3: Aug | BB3: Sep | BC3: Okt | BD3: Nov | BE3: Dez | BG3: Jan | BH3: Feb | BI3: Mar | BJ3: Apr | BK3: Mai | BL3: Jun | BM3: Jul | BN3: Aug | BO3: Sep | BP3: Okt | BQ3: Nov | BR3: Dez | BT3: Jan | BU3: Feb | BV3: Mar | BW3: Apr | BX3: Mai | BY3: Jun | BZ3: Jul | CA3: Aug | CB3: Sep | CC3: Okt | CD3: Nov | CE3: Dez | CG3: Jan | CH3: Feb | CI3: Mar | CJ3: Apr | CK3: Mai | CL3: Jun | CM3: Jul | CN3: Aug | CO3: Sep | CP3: Okt | CQ3: Nov | CR3: Dez
A4: =IF(Projektübersicht!D3="","",Projektübersicht!D3) -> 1 | B4: =IF(Projektübersicht!E3="","",Projektübersicht!E3) | C4: =IF(Projektübersicht!F3="","",Projektübersicht!F3) | E4: =IF(Projektübersicht!G3="","",Projektübersicht!G3) | F4: =IF(Projektübersicht!H3="","",Projektübersicht!H3) | T4: =SUM(AG4,AT4,BG4,BT4,CG4) -> 0 | U4: =SUM(AH4,AU4,BH4,BU4,CH4) -> 0 | V4: =SUM(AI4,AV4,BI4,BV4,CI4) -> 0 | W4: =SUM(AJ4,AW4,BJ4,BW4,CJ4) -> 0 | X4: =SUM(AK4,AX4,BK4,BX4,CK4) -> 0 | Y4: =SUM(AL4,AY4,BL4,BY4,CL4) -> 0 | Z4: =SUM(AM4,AZ4,BM4,BZ4,CM4) -> 0 | AA4: =SUM(AN4,BA4,BN4,CA4,CN4) -> 0 | ... AE4: =SUM(AR4,BE4,BR4,CE4,CR4) -> 0
A5: =IF(Projektübersicht!D4="","",Projektübersicht!D4) | B5: =IF(Projektübersicht!E4="","",Projektübersicht!E4) | C5: =IF(Projektübersicht!F4="","",Projektübersicht!F4) | E5: =IF(Projektübersicht!G4="","",Projektübersicht!G4) | F5: =IF(Projektübersicht!H4="","",Projektübersicht!H4) | T5: =SUM(AG5,AT5,BG5,BT5,CG5) -> 0 | U5: =SUM(AH5,AU5,BH5,BU5,CH5) -> 0 | V5: =SUM(AI5,AV5,BI5,BV5,CI5) -> 0 | W5: =SUM(AJ5,AW5,BJ5,BW5,CJ5) -> 0 | X5: =SUM(AK5,AX5,BK5,BX5,CK5) -> 0 | Y5: =SUM(AL5,AY5,BL5,BY5,CL5) -> 0 | Z5: =SUM(AM5,AZ5,BM5,BZ5,CM5) -> 0 | AA5: =SUM(AN5,BA5,BN5,CA5,CN5) -> 0 | ... AE5: =SUM(AR5,BE5,BR5,CE5,CR5) -> 0
A6: =IF(Projektübersicht!D5="","",Projektübersicht!D5) | B6: =IF(Projektübersicht!E5="","",Projektübersicht!E5) | C6: =IF(Projektübersicht!F5="","",Projektübersicht!F5) | E6: =IF(Projektübersicht!G5="","",Projektübersicht!G5) | F6: =IF(Projektübersicht!H5="","",Projektübersicht!H5) | T6: =SUM(AG6,AT6,BG6,BT6,CG6) -> 0 | U6: =SUM(AH6,AU6,BH6,BU6,CH6) -> 0 | V6: =SUM(AI6,AV6,BI6,BV6,CI6) -> 0 | W6: =SUM(AJ6,AW6,BJ6,BW6,CJ6) -> 0 | X6: =SUM(AK6,AX6,BK6,BX6,CK6) -> 0 | Y6: =SUM(AL6,AY6,BL6,BY6,CL6) -> 0 | Z6: =SUM(AM6,AZ6,BM6,BZ6,CM6) -> 0 | AA6: =SUM(AN6,BA6,BN6,CA6,CN6) -> 0 | ... AE6: =SUM(AR6,BE6,BR6,CE6,CR6) -> 0
A7: =IF(Projektübersicht!D6="","",Projektübersicht!D6) | B7: =IF(Projektübersicht!E6="","",Projektübersicht!E6) | C7: =IF(Projektübersicht!F6="","",Projektübersicht!F6) | E7: =IF(Projektübersicht!G6="","",Projektübersicht!G6) | F7: =IF(Projektübersicht!H6="","",Projektübersicht!H6) | T7: =SUM(AG7,AT7,BG7,BT7,CG7) -> 0 | U7: =SUM(AH7,AU7,BH7,BU7,CH7) -> 0 | V7: =SUM(AI7,AV7,BI7,BV7,CI7) -> 0 | W7: =SUM(AJ7,AW7,BJ7,BW7,CJ7) -> 0 | X7: =SUM(AK7,AX7,BK7,BX7,CK7) -> 0 | Y7: =SUM(AL7,AY7,BL7,BY7,CL7) -> 0 | Z7: =SUM(AM7,AZ7,BM7,BZ7,CM7) -> 0 | AA7: =SUM(AN7,BA7,BN7,CA7,CN7) -> 0 | ... AE7: =SUM(AR7,BE7,BR7,CE7,CR7) -> 0
A8: =IF(Projektübersicht!D7="","",Projektübersicht!D7) | B8: =IF(Projektübersicht!E7="","",Projektübersicht!E7) | C8: =IF(Projektübersicht!F7="","",Projektübersicht!F7) | E8: =IF(Projektübersicht!G7="","",Projektübersicht!G7) | F8: =IF(Projektübersicht!H7="","",Projektübersicht!H7) | T8: =SUM(AG8,AT8,BG8,BT8,CG8) -> 0 | U8: =SUM(AH8,AU8,BH8,BU8,CH8) -> 0 | V8: =SUM(AI8,AV8,BI8,BV8,CI8) -> 0 | W8: =SUM(AJ8,AW8,BJ8,BW8,CJ8) -> 0 | X8: =SUM(AK8,AX8,BK8,BX8,CK8) -> 0 | Y8: =SUM(AL8,AY8,BL8,BY8,CL8) -> 0 | Z8: =SUM(AM8,AZ8,BM8,BZ8,CM8) -> 0 | AA8: =SUM(AN8,BA8,BN8,CA8,CN8) -> 0 | ... AE8: =SUM(AR8,BE8,BR8,CE8,CR8) -> 0
A9: =IF(Projektübersicht!D8="","",Projektübersicht!D8) | B9: =IF(Projektübersicht!E8="","",Projektübersicht!E8) | C9: =IF(Projektübersicht!F8="","",Projektübersicht!F8) | E9: =IF(Projektübersicht!G8="","",Projektübersicht!G8) | F9: =IF(Projektübersicht!H8="","",Projektübersicht!H8) | T9: =SUM(AG9,AT9,BG9,BT9,CG9) -> 0 | U9: =SUM(AH9,AU9,BH9,BU9,CH9) -> 0 | V9: =SUM(AI9,AV9,BI9,BV9,CI9) -> 0 | W9: =SUM(AJ9,AW9,BJ9,BW9,CJ9) -> 0 | X9: =SUM(AK9,AX9,BK9,BX9,CK9) -> 0 | Y9: =SUM(AL9,AY9,BL9,BY9,CL9) -> 0 | Z9: =SUM(AM9,AZ9,BM9,BZ9,CM9) -> 0 | AA9: =SUM(AN9,BA9,BN9,CA9,CN9) -> 0 | ... AE9: =SUM(AR9,BE9,BR9,CE9,CR9) -> 0
A10: =IF(Projektübersicht!D9="","",Projektübersicht!D9) | B10: =IF(Projektübersicht!E9="","",Projektübersicht!E9) | C10: =IF(Projektübersicht!F9="","",Projektübersicht!F9) | E10: =IF(Projektübersicht!G9="","",Projektübersicht!G9) | F10: =IF(Projektübersicht!H9="","",Projektübersicht!H9) | T10: =SUM(AG10,AT10,BG10,BT10,CG10) -> 0 | U10: =SUM(AH10,AU10,BH10,BU10,CH10) -> 0 | V10: =SUM(AI10,AV10,BI10,BV10,CI10) -> 0 | W10: =SUM(AJ10,AW10,BJ10,BW10,CJ10) -> 0 | X10: =SUM(AK10,AX10,BK10,BX10,CK10) -> 0 | Y10: =SUM(AL10,AY10,BL10,BY10,CL10) -> 0 | Z10: =SUM(AM10,AZ10,BM10,BZ10,CM10) -> 0 | AA10: =SUM(AN10,BA10,BN10,CA10,CN10) -> 0 | ... AE10: =SUM(AR10,BE10,BR10,CE10,CR10) -> 0
A11: =IF(Projektübersicht!D10="","",Projektübersicht!D10) | B11: =IF(Projektübersicht!E10="","",Projektübersicht!E10) | C11: =IF(Projektübersicht!F10="","",Projektübersicht!F10) | E11: =IF(Projektübersicht!G10="","",Projektübersicht!G10) | F11: =IF(Projektübersicht!H10="","",Projektübersicht!H10) | T11: =SUM(AG11,AT11,BG11,BT11,CG11) -> 0 | U11: =SUM(AH11,AU11,BH11,BU11,CH11) -> 0 | V11: =SUM(AI11,AV11,BI11,BV11,CI11) -> 0 | W11: =SUM(AJ11,AW11,BJ11,BW11,CJ11) -> 0 | X11: =SUM(AK11,AX11,BK11,BX11,CK11) -> 0 | Y11: =SUM(AL11,AY11,BL11,BY11,CL11) -> 0 | Z11: =SUM(AM11,AZ11,BM11,BZ11,CM11) -> 0 | AA11: =SUM(AN11,BA11,BN11,CA11,CN11) -> 0 | ... AE11: =SUM(AR11,BE11,BR11,CE11,CR11) -> 0
A12: =IF(Projektübersicht!D11="","",Projektübersicht!D11) | B12: =IF(Projektübersicht!E11="","",Projektübersicht!E11) | C12: =IF(Projektübersicht!F11="","",Projektübersicht!F11) | E12: =IF(Projektübersicht!G11="","",Projektübersicht!G11) | F12: =IF(Projektübersicht!H11="","",Projektübersicht!H11) | T12: =SUM(AG12,AT12,BG12,BT12,CG12) -> 0 | U12: =SUM(AH12,AU12,BH12,BU12,CH12) -> 0 | V12: =SUM(AI12,AV12,BI12,BV12,CI12) -> 0 | W12: =SUM(AJ12,AW12,BJ12,BW12,CJ12) -> 0 | X12: =SUM(AK12,AX12,BK12,BX12,CK12) -> 0 | Y12: =SUM(AL12,AY12,BL12,BY12,CL12) -> 0 | Z12: =SUM(AM12,AZ12,BM12,BZ12,CM12) -> 0 | AA12: =SUM(AN12,BA12,BN12,CA12,CN12) -> 0 | ... AE12: =SUM(AR12,BE12,BR12,CE12,CR12) -> 0
A13: =IF(Projektübersicht!D12="","",Projektübersicht!D12) | B13: =IF(Projektübersicht!E12="","",Projektübersicht!E12) | C13: =IF(Projektübersicht!F12="","",Projektübersicht!F12) | E13: =IF(Projektübersicht!G12="","",Projektübersicht!G12) | F13: =IF(Projektübersicht!H12="","",Projektübersicht!H12) | T13: =SUM(AG13,AT13,BG13,BT13,CG13) -> 0 | U13: =SUM(AH13,AU13,BH13,BU13,CH13) -> 0 | V13: =SUM(AI13,AV13,BI13,BV13,CI13) -> 0 | W13: =SUM(AJ13,AW13,BJ13,BW13,CJ13) -> 0 | X13: =SUM(AK13,AX13,BK13,BX13,CK13) -> 0 | Y13: =SUM(AL13,AY13,BL13,BY13,CL13) -> 0 | Z13: =SUM(AM13,AZ13,BM13,BZ13,CM13) -> 0 | AA13: =SUM(AN13,BA13,BN13,CA13,CN13) -> 0 | ... AE13: =SUM(AR13,BE13,BR13,CE13,CR13) -> 0
A14: =IF(Projektübersicht!D13="","",Projektübersicht!D13) | B14: =IF(Projektübersicht!E13="","",Projektübersicht!E13) | C14: =IF(Projektübersicht!F13="","",Projektübersicht!F13) | E14: =IF(Projektübersicht!G13="","",Projektübersicht!G13) | F14: =IF(Projektübersicht!H13="","",Projektübersicht!H13) | T14: =SUM(AG14,AT14,BG14,BT14,CG14) -> 0 | U14: =SUM(AH14,AU14,BH14,BU14,CH14) -> 0 | V14: =SUM(AI14,AV14,BI14,BV14,CI14) -> 0 | W14: =SUM(AJ14,AW14,BJ14,BW14,CJ14) -> 0 | X14: =SUM(AK14,AX14,BK14,BX14,CK14) -> 0 | Y14: =SUM(AL14,AY14,BL14,BY14,CL14) -> 0 | Z14: =SUM(AM14,AZ14,BM14,BZ14,CM14) -> 0 | AA14: =SUM(AN14,BA14,BN14,CA14,CN14) -> 0 | ... AE14: =SUM(AR14,BE14,BR14,CE14,CR14) -> 0
A15: =IF(Projektübersicht!D14="","",Projektübersicht!D14) | B15: =IF(Projektübersicht!E14="","",Projektübersicht!E14) | C15: =IF(Projektübersicht!F14="","",Projektübersicht!F14) | E15: =IF(Projektübersicht!G14="","",Projektübersicht!G14) | F15: =IF(Projektübersicht!H14="","",Projektübersicht!H14) | T15: =SUM(AG15,AT15,BG15,BT15,CG15) -> 0 | U15: =SUM(AH15,AU15,BH15,BU15,CH15) -> 0 | V15: =SUM(AI15,AV15,BI15,BV15,CI15) -> 0 | W15: =SUM(AJ15,AW15,BJ15,BW15,CJ15) -> 0 | X15: =SUM(AK15,AX15,BK15,BX15,CK15) -> 0 | Y15: =SUM(AL15,AY15,BL15,BY15,CL15) -> 0 | Z15: =SUM(AM15,AZ15,BM15,BZ15,CM15) -> 0 | AA15: =SUM(AN15,BA15,BN15,CA15,CN15) -> 0 | ... AE15: =SUM(AR15,BE15,BR15,CE15,CR15) -> 0
... A33: =IF(Projektübersicht!D32="","",Projektübersicht!D32) | B33: =IF(Projektübersicht!E32="","",Projektübersicht!E32) | C33: =IF(Projektübersicht!F32="","",Projektübersicht!F32) | E33: =IF(Projektübersicht!G32="","",Projektübersicht!G32) | F33: =IF(Projektübersicht!H32="","",Projektübersicht!H32) | T33: =SUM(AG33,AT33,BG33,BT33,CG33) -> 0 | U33: =SUM(AH33,AU33,BH33,BU33,CH33) -> 0 | V33: =SUM(AI33,AV33,BI33,BV33,CI33) -> 0 | W33: =SUM(AJ33,AW33,BJ33,BW33,CJ33) -> 0 | X33: =SUM(AK33,AX33,BK33,BX33,CK33) -> 0 | Y33: =SUM(AL33,AY33,BL33,BY33,CL33) -> 0 | Z33: =SUM(AM33,AZ33,BM33,BZ33,CM33) -> 0 | AA33: =SUM(AN33,BA33,BN33,CA33,CN33) -> 0 | ... AE33: =SUM(AR33,BE33,BR33,CE33,CR33) -> 0
A40: # | B40: Vorname | C40: Nachname | E40: Beschäftigt auf Projekt seit | F40: Beschäftigt auf Projekt bis | G40: =G2+1 -> 1901 | T40: =G40 -> 1901 | AG40: =AG2+1 -> 1901 | AT40: =AT2+1 -> 1901 | BG40: =BG2+1 -> 1901 | BT40: =BT2+1 -> 1901 | CG40: =CG2+1 -> 1901
A41: # | G41: Jan | H41: Feb | I41: Mar | J41: Apr | K41: Mai | L41: Jun | M41: Jul | N41: Aug | O41: Sep | P41: Okt | Q41: Nov | R41: Dez | T41: Jan | U41: Feb | V41: Mar | W41: Apr | X41: Mai | Y41: Jun | Z41: Jul | AA41: Aug | AB41: Sep | AC41: Okt | AD41: Nov | AE41: Dez | AG41: Jan | AH41: Feb | AI41: Mar | AJ41: Apr | AK41: Mai | AL41: Jun | AM41: Jul | AN41: Aug | AO41: Sep | AP41: Okt | AQ41: Nov | AR41: Dez | AT41: Jan | AU41: Feb | AV41: Mar | AW41: Apr | AX41: Mai | AY41: Jun | AZ41: Jul | BA41: Aug | BB41: Sep | BC41: Okt | BD41: Nov | BE41: Dez | BG41: Jan | BH41: Feb | BI41: Mar | BJ41: Apr | BK41: Mai | BL41: Jun | BM41: Jul | BN41: Aug | BO41: Sep | BP41: Okt | BQ41: Nov | BR41: Dez | BT41: Jan | BU41: Feb | BV41: Mar | BW41: Apr | BX41: Mai | BY41: Jun | BZ41: Jul | CA41: Aug | CB41: Sep | CC41: Okt | CD41: Nov | CE41: Dez | CG41: Jan | CH41: Feb | CI41: Mar | CJ41: Apr | CK41: Mai | CL41: Jun | CM41: Jul | CN41: Aug | CO41: Sep | CP41: Okt | CQ41: Nov | CR41: Dez
A42: =A4 -> 1 | B42: =B4 | C42: =C4 | E42: =E4 | F42: =F4 | T42: =SUM(AG42,AT42,BG42,BT42,CG42) -> 0 | U42: =SUM(AH42,AU42,BH42,BU42,CH42) -> 0 | V42: =SUM(AI42,AV42,BI42,BV42,CI42) -> 0 | W42: =SUM(AJ42,AW42,BJ42,BW42,CJ42) -> 0 | X42: =SUM(AK42,AX42,BK42,BX42,CK42) -> 0 | Y42: =SUM(AL42,AY42,BL42,BY42,CL42) -> 0 | Z42: =SUM(AM42,AZ42,BM42,BZ42,CM42) -> 0 | AA42: =SUM(AN42,BA42,BN42,CA42,CN42) -> 0 | ... AE42: =SUM(AR42,BE42,BR42,CE42,CR42) -> 0
A43: =A5 | B43: =B5 | C43: =C5 | E43: =E5 | F43: =F5 | T43: =SUM(AG43,AT43,BG43,BT43,CG43) -> 0 | U43: =SUM(AH43,AU43,BH43,BU43,CH43) -> 0 | V43: =SUM(AI43,AV43,BI43,BV43,CI43) -> 0 | W43: =SUM(AJ43,AW43,BJ43,BW43,CJ43) -> 0 | X43: =SUM(AK43,AX43,BK43,BX43,CK43) -> 0 | Y43: =SUM(AL43,AY43,BL43,BY43,CL43) -> 0 | Z43: =SUM(AM43,AZ43,BM43,BZ43,CM43) -> 0 | AA43: =SUM(AN43,BA43,BN43,CA43,CN43) -> 0 | ... AE43: =SUM(AR43,BE43,BR43,CE43,CR43) -> 0
A44: =A6 | B44: =B6 | C44: =C6 | E44: =E6 | F44: =F6 | T44: =SUM(AG44,AT44,BG44,BT44,CG44) -> 0 | U44: =SUM(AH44,AU44,BH44,BU44,CH44) -> 0 | V44: =SUM(AI44,AV44,BI44,BV44,CI44) -> 0 | W44: =SUM(AJ44,AW44,BJ44,BW44,CJ44) -> 0 | X44: =SUM(AK44,AX44,BK44,BX44,CK44) -> 0 | Y44: =SUM(AL44,AY44,BL44,BY44,CL44) -> 0 | Z44: =SUM(AM44,AZ44,BM44,BZ44,CM44) -> 0 | AA44: =SUM(AN44,BA44,BN44,CA44,CN44) -> 0 | ... AE44: =SUM(AR44,BE44,BR44,CE44,CR44) -> 0
A45: =A7 | B45: =B7 | C45: =C7 | E45: =E7 | F45: =F7 | T45: =SUM(AG45,AT45,BG45,BT45,CG45) -> 0 | U45: =SUM(AH45,AU45,BH45,BU45,CH45) -> 0 | V45: =SUM(AI45,AV45,BI45,BV45,CI45) -> 0 | W45: =SUM(AJ45,AW45,BJ45,BW45,CJ45) -> 0 | X45: =SUM(AK45,AX45,BK45,BX45,CK45) -> 0 | Y45: =SUM(AL45,AY45,BL45,BY45,CL45) -> 0 | Z45: =SUM(AM45,AZ45,BM45,BZ45,CM45) -> 0 | AA45: =SUM(AN45,BA45,BN45,CA45,CN45) -> 0 | ... AE45: =SUM(AR45,BE45,BR45,CE45,CR45) -> 0
A46: =A8 | B46: =B8 | C46: =C8 | E46: =E8 | F46: =F8 | T46: =SUM(AG46,AT46,BG46,BT46,CG46) -> 0 | U46: =SUM(AH46,AU46,BH46,BU46,CH46) -> 0 | V46: =SUM(AI46,AV46,BI46,BV46,CI46) -> 0 | W46: =SUM(AJ46,AW46,BJ46,BW46,CJ46) -> 0 | X46: =SUM(AK46,AX46,BK46,BX46,CK46) -> 0 | Y46: =SUM(AL46,AY46,BL46,BY46,CL46) -> 0 | Z46: =SUM(AM46,AZ46,BM46,BZ46,CM46) -> 0 | AA46: =SUM(AN46,BA46,BN46,CA46,CN46) -> 0 | ... AE46: =SUM(AR46,BE46,BR46,CE46,CR46) -> 0
A47: =A9 | B47: =B9 | C47: =C9 | E47: =E9 | F47: =F9 | T47: =SUM(AG47,AT47,BG47,BT47,CG47) -> 0 | U47: =SUM(AH47,AU47,BH47,BU47,CH47) -> 0 | V47: =SUM(AI47,AV47,BI47,BV47,CI47) -> 0 | W47: =SUM(AJ47,AW47,BJ47,BW47,CJ47) -> 0 | X47: =SUM(AK47,AX47,BK47,BX47,CK47) -> 0 | Y47: =SUM(AL47,AY47,BL47,BY47,CL47) -> 0 | Z47: =SUM(AM47,AZ47,BM47,BZ47,CM47) -> 0 | AA47: =SUM(AN47,BA47,BN47,CA47,CN47) -> 0 | ... AE47: =SUM(AR47,BE47,BR47,CE47,CR47) -> 0
A48: =A10 | B48: =B10 | C48: =C10 | E48: =E10 | F48: =F10 | T48: =SUM(AG48,AT48,BG48,BT48,CG48) -> 0 | U48: =SUM(AH48,AU48,BH48,BU48,CH48) -> 0 | V48: =SUM(AI48,AV48,BI48,BV48,CI48) -> 0 | W48: =SUM(AJ48,AW48,BJ48,BW48,CJ48) -> 0 | X48: =SUM(AK48,AX48,BK48,BX48,CK48) -> 0 | Y48: =SUM(AL48,AY48,BL48,BY48,CL48) -> 0 | Z48: =SUM(AM48,AZ48,BM48,BZ48,CM48) -> 0 | AA48: =SUM(AN48,BA48,BN48,CA48,CN48) -> 0 | ... AE48: =SUM(AR48,BE48,BR48,CE48,CR48) -> 0
A49: =A11 | B49: =B11 | C49: =C11 | E49: =E11 | F49: =F11 | T49: =SUM(AG49,AT49,BG49,BT49,CG49) -> 0 | U49: =SUM(AH49,AU49,BH49,BU49,CH49) -> 0 | V49: =SUM(AI49,AV49,BI49,BV49,CI49) -> 0 | W49: =SUM(AJ49,AW49,BJ49,BW49,CJ49) -> 0 | X49: =SUM(AK49,AX49,BK49,BX49,CK49) -> 0 | Y49: =SUM(AL49,AY49,BL49,BY49,CL49) -> 0 | Z49: =SUM(AM49,AZ49,BM49,BZ49,CM49) -> 0 | AA49: =SUM(AN49,BA49,BN49,CA49,CN49) -> 0 | ... AE49: =SUM(AR49,BE49,BR49,CE49,CR49) -> 0
A50: =A12 | B50: =B12 | C50: =C12 | E50: =E12 | F50: =F12 | T50: =SUM(AG50,AT50,BG50,BT50,CG50) -> 0 | U50: =SUM(AH50,AU50,BH50,BU50,CH50) -> 0 | V50: =SUM(AI50,AV50,BI50,BV50,CI50) -> 0 | W50: =SUM(AJ50,AW50,BJ50,BW50,CJ50) -> 0 | X50: =SUM(AK50,AX50,BK50,BX50,CK50) -> 0 | Y50: =SUM(AL50,AY50,BL50,BY50,CL50) -> 0 | Z50: =SUM(AM50,AZ50,BM50,BZ50,CM50) -> 0 | AA50: =SUM(AN50,BA50,BN50,CA50,CN50) -> 0 | ... AE50: =SUM(AR50,BE50,BR50,CE50,CR50) -> 0
A51: =A13 | B51: =B13 | C51: =C13 | E51: =E13 | F51: =F13 | T51: =SUM(AG51,AT51,BG51,BT51,CG51) -> 0 | U51: =SUM(AH51,AU51,BH51,BU51,CH51) -> 0 | V51: =SUM(AI51,AV51,BI51,BV51,CI51) -> 0 | W51: =SUM(AJ51,AW51,BJ51,BW51,CJ51) -> 0 | X51: =SUM(AK51,AX51,BK51,BX51,CK51) -> 0 | Y51: =SUM(AL51,AY51,BL51,BY51,CL51) -> 0 | Z51: =SUM(AM51,AZ51,BM51,BZ51,CM51) -> 0 | AA51: =SUM(AN51,BA51,BN51,CA51,CN51) -> 0 | ... AE51: =SUM(AR51,BE51,BR51,CE51,CR51) -> 0
A52: =A14 | B52: =B14 | C52: =C14 | E52: =E14 | F52: =F14 | T52: =SUM(AG52,AT52,BG52,BT52,CG52) -> 0 | U52: =SUM(AH52,AU52,BH52,BU52,CH52) -> 0 | V52: =SUM(AI52,AV52,BI52,BV52,CI52) -> 0 | W52: =SUM(AJ52,AW52,BJ52,BW52,CJ52) -> 0 | X52: =SUM(AK52,AX52,BK52,BX52,CK52) -> 0 | Y52: =SUM(AL52,AY52,BL52,BY52,CL52) -> 0 | Z52: =SUM(AM52,AZ52,BM52,BZ52,CM52) -> 0 | AA52: =SUM(AN52,BA52,BN52,CA52,CN52) -> 0 | ... AE52: =SUM(AR52,BE52,BR52,CE52,CR52) -> 0
A53: =A15 | B53: =B15 | C53: =C15 | E53: =E15 | F53: =F15 | T53: =SUM(AG53,AT53,BG53,BT53,CG53) -> 0 | U53: =SUM(AH53,AU53,BH53,BU53,CH53) -> 0 | V53: =SUM(AI53,AV53,BI53,BV53,CI53) -> 0 | W53: =SUM(AJ53,AW53,BJ53,BW53,CJ53) -> 0 | X53: =SUM(AK53,AX53,BK53,BX53,CK53) -> 0 | Y53: =SUM(AL53,AY53,BL53,BY53,CL53) -> 0 | Z53: =SUM(AM53,AZ53,BM53,BZ53,CM53) -> 0 | AA53: =SUM(AN53,BA53,BN53,CA53,CN53) -> 0 | ... AE53: =SUM(AR53,BE53,BR53,CE53,CR53) -> 0
... A71: =A33 | B71: =B33 | C71: =C33 | E71: =E33 | F71: =F33 | T71: =SUM(AG71,AT71,BG71,BT71,CG71) -> 0 | U71: =SUM(AH71,AU71,BH71,BU71,CH71) -> 0 | V71: =SUM(AI71,AV71,BI71,BV71,CI71) -> 0 | W71: =SUM(AJ71,AW71,BJ71,BW71,CJ71) -> 0 | X71: =SUM(AK71,AX71,BK71,BX71,CK71) -> 0 | Y71: =SUM(AL71,AY71,BL71,BY71,CL71) -> 0 | Z71: =SUM(AM71,AZ71,BM71,BZ71,CM71) -> 0 | AA71: =SUM(AN71,BA71,BN71,CA71,CN71) -> 0 | ... AE71: =SUM(AR71,BE71,BR71,CE71,CR71) -> 0
A78: # | B78: Vorname | C78: Nachname | E78: Beschäftigt auf Projekt seit | F78: Beschäftigt auf Projekt bis | G78: =G40+1 -> 1902 | T78: =G78 -> 1902 | AG78: =AG40+1 -> 1902 | AT78: =AT40+1 -> 1902 | BG78: =BG40+1 -> 1902 | BT78: =BT40+1 -> 1902 | CG78: =CG40+1 -> 1902
A79: # | G79: Jan | H79: Feb | I79: Mar | J79: Apr | K79: Mai | L79: Jun | M79: Jul | N79: Aug | O79: Sep | P79: Okt | Q79: Nov | R79: Dez | T79: Jan | U79: Feb | V79: Mar | W79: Apr | X79: Mai | Y79: Jun | Z79: Jul | AA79: Aug | AB79: Sep | AC79: Okt | AD79: Nov | AE79: Dez | AG79: Jan | AH79: Feb | AI79: Mar | AJ79: Apr | AK79: Mai | AL79: Jun | AM79: Jul | AN79: Aug | AO79: Sep | AP79: Okt | AQ79: Nov | AR79: Dez | AT79: Jan | AU79: Feb | AV79: Mar | AW79: Apr | AX79: Mai | AY79: Jun | AZ79: Jul | BA79: Aug | BB79: Sep | BC79: Okt | BD79: Nov | BE79: Dez | BG79: Jan | BH79: Feb | BI79: Mar | BJ79: Apr | BK79: Mai | BL79: Jun | BM79: Jul | BN79: Aug | BO79: Sep | BP79: Okt | BQ79: Nov | BR79: Dez | BT79: Jan | BU79: Feb | BV79: Mar | BW79: Apr | BX79: Mai | BY79: Jun | BZ79: Jul | CA79: Aug | CB79: Sep | CC79: Okt | CD79: Nov | CE79: Dez | CG79: Jan | CH79: Feb | CI79: Mar | CJ79: Apr | CK79: Mai | CL79: Jun | CM79: Jul | CN79: Aug | CO79: Sep | CP79: Okt | CQ79: Nov | CR79: Dez
A80: =A42 -> 1 | B80: =B42 | C80: =C42 | E80: =E42 | F80: =F42 | T80: =SUM(AG80,AT80,BG80,BT80,CG80) -> 0 | U80: =SUM(AH80,AU80,BH80,BU80,CH80) -> 0 | V80: =SUM(AI80,AV80,BI80,BV80,CI80) -> 0 | W80: =SUM(AJ80,AW80,BJ80,BW80,CJ80) -> 0 | X80: =SUM(AK80,AX80,BK80,BX80,CK80) -> 0 | Y80: =SUM(AL80,AY80,BL80,BY80,CL80) -> 0 | Z80: =SUM(AM80,AZ80,BM80,BZ80,CM80) -> 0 | AA80: =SUM(AN80,BA80,BN80,CA80,CN80) -> 0 | ... AE80: =SUM(AR80,BE80,BR80,CE80,CR80) -> 0
A81: =A43 | B81: =B43 | C81: =C43 | E81: =E43 | F81: =F43 | T81: =SUM(AG81,AT81,BG81,BT81,CG81) -> 0 | U81: =SUM(AH81,AU81,BH81,BU81,CH81) -> 0 | V81: =SUM(AI81,AV81,BI81,BV81,CI81) -> 0 | W81: =SUM(AJ81,AW81,BJ81,BW81,CJ81) -> 0 | X81: =SUM(AK81,AX81,BK81,BX81,CK81) -> 0 | Y81: =SUM(AL81,AY81,BL81,BY81,CL81) -> 0 | Z81: =SUM(AM81,AZ81,BM81,BZ81,CM81) -> 0 | AA81: =SUM(AN81,BA81,BN81,CA81,CN81) -> 0 | ... AE81: =SUM(AR81,BE81,BR81,CE81,CR81) -> 0
A82: =A44 | B82: =B44 | C82: =C44 | E82: =E44 | F82: =F44 | T82: =SUM(AG82,AT82,BG82,BT82,CG82) -> 0 | U82: =SUM(AH82,AU82,BH82,BU82,CH82) -> 0 | V82: =SUM(AI82,AV82,BI82,BV82,CI82) -> 0 | W82: =SUM(AJ82,AW82,BJ82,BW82,CJ82) -> 0 | X82: =SUM(AK82,AX82,BK82,BX82,CK82) -> 0 | Y82: =SUM(AL82,AY82,BL82,BY82,CL82) -> 0 | Z82: =SUM(AM82,AZ82,BM82,BZ82,CM82) -> 0 | AA82: =SUM(AN82,BA82,BN82,CA82,CN82) -> 0 | ... AE82: =SUM(AR82,BE82,BR82,CE82,CR82) -> 0
A83: =A45 | B83: =B45 | C83: =C45 | E83: =E45 | F83: =F45 | T83: =SUM(AG83,AT83,BG83,BT83,CG83) -> 0 | U83: =SUM(AH83,AU83,BH83,BU83,CH83) -> 0 | V83: =SUM(AI83,AV83,BI83,BV83,CI83) -> 0 | W83: =SUM(AJ83,AW83,BJ83,BW83,CJ83) -> 0 | X83: =SUM(AK83,AX83,BK83,BX83,CK83) -> 0 | Y83: =SUM(AL83,AY83,BL83,BY83,CL83) -> 0 | Z83: =SUM(AM83,AZ83,BM83,BZ83,CM83) -> 0 | AA83: =SUM(AN83,BA83,BN83,CA83,CN83) -> 0 | ... AE83: =SUM(AR83,BE83,BR83,CE83,CR83) -> 0
A84: =A46 | B84: =B46 | C84: =C46 | E84: =E46 | F84: =F46 | T84: =SUM(AG84,AT84,BG84,BT84,CG84) -> 0 | U84: =SUM(AH84,AU84,BH84,BU84,CH84) -> 0 | V84: =SUM(AI84,AV84,BI84,BV84,CI84) -> 0 | W84: =SUM(AJ84,AW84,BJ84,BW84,CJ84) -> 0 | X84: =SUM(AK84,AX84,BK84,BX84,CK84) -> 0 | Y84: =SUM(AL84,AY84,BL84,BY84,CL84) -> 0 | Z84: =SUM(AM84,AZ84,BM84,BZ84,CM84) -> 0 | AA84: =SUM(AN84,BA84,BN84,CA84,CN84) -> 0 | ... AE84: =SUM(AR84,BE84,BR84,CE84,CR84) -> 0
A85: =A47 | B85: =B47 | C85: =C47 | E85: =E47 | F85: =F47 | T85: =SUM(AG85,AT85,BG85,BT85,CG85) -> 0 | U85: =SUM(AH85,AU85,BH85,BU85,CH85) -> 0 | V85: =SUM(AI85,AV85,BI85,BV85,CI85) -> 0 | W85: =SUM(AJ85,AW85,BJ85,BW85,CJ85) -> 0 | X85: =SUM(AK85,AX85,BK85,BX85,CK85) -> 0 | Y85: =SUM(AL85,AY85,BL85,BY85,CL85) -> 0 | Z85: =SUM(AM85,AZ85,BM85,BZ85,CM85) -> 0 | AA85: =SUM(AN85,BA85,BN85,CA85,CN85) -> 0 | ... AE85: =SUM(AR85,BE85,BR85,CE85,CR85) -> 0
A86: =A48 | B86: =B48 | C86: =C48 | E86: =E48 | F86: =F48 | T86: =SUM(AG86,AT86,BG86,BT86,CG86) -> 0 | U86: =SUM(AH86,AU86,BH86,BU86,CH86) -> 0 | V86: =SUM(AI86,AV86,BI86,BV86,CI86) -> 0 | W86: =SUM(AJ86,AW86,BJ86,BW86,CJ86) -> 0 | X86: =SUM(AK86,AX86,BK86,BX86,CK86) -> 0 | Y86: =SUM(AL86,AY86,BL86,BY86,CL86) -> 0 | Z86: =SUM(AM86,AZ86,BM86,BZ86,CM86) -> 0 | AA86: =SUM(AN86,BA86,BN86,CA86,CN86) -> 0 | ... AE86: =SUM(AR86,BE86,BR86,CE86,CR86) -> 0
A87: =A49 | B87: =B49 | C87: =C49 | E87: =E49 | F87: =F49 | T87: =SUM(AG87,AT87,BG87,BT87,CG87) -> 0 | U87: =SUM(AH87,AU87,BH87,BU87,CH87) -> 0 | V87: =SUM(AI87,AV87,BI87,BV87,CI87) -> 0 | W87: =SUM(AJ87,AW87,BJ87,BW87,CJ87) -> 0 | X87: =SUM(AK87,AX87,BK87,BX87,CK87) -> 0 | Y87: =SUM(AL87,AY87,BL87,BY87,CL87) -> 0 | Z87: =SUM(AM87,AZ87,BM87,BZ87,CM87) -> 0 | AA87: =SUM(AN87,BA87,BN87,CA87,CN87) -> 0 | ... AE87: =SUM(AR87,BE87,BR87,CE87,CR87) -> 0
A88: =A50 | B88: =B50 | C88: =C50 | E88: =E50 | F88: =F50 | T88: =SUM(AG88,AT88,BG88,BT88,CG88) -> 0 | U88: =SUM(AH88,AU88,BH88,BU88,CH88) -> 0 | V88: =SUM(AI88,AV88,BI88,BV88,CI88) -> 0 | W88: =SUM(AJ88,AW88,BJ88,BW88,CJ88) -> 0 | X88: =SUM(AK88,AX88,BK88,BX88,CK88) -> 0 | Y88: =SUM(AL88,AY88,BL88,BY88,CL88) -> 0 | Z88: =SUM(AM88,AZ88,BM88,BZ88,CM88) -> 0 | AA88: =SUM(AN88,BA88,BN88,CA88,CN88) -> 0 | ... AE88: =SUM(AR88,BE88,BR88,CE88,CR88) -> 0
A89: =A51 | B89: =B51 | C89: =C51 | E89: =E51 | F89: =F51 | T89: =SUM(AG89,AT89,BG89,BT89,CG89) -> 0 | U89: =SUM(AH89,AU89,BH89,BU89,CH89) -> 0 | V89: =SUM(AI89,AV89,BI89,BV89,CI89) -> 0 | W89: =SUM(AJ89,AW89,BJ89,BW89,CJ89) -> 0 | X89: =SUM(AK89,AX89,BK89,BX89,CK89) -> 0 | Y89: =SUM(AL89,AY89,BL89,BY89,CL89) -> 0 | Z89: =SUM(AM89,AZ89,BM89,BZ89,CM89) -> 0 | AA89: =SUM(AN89,BA89,BN89,CA89,CN89) -> 0 | ... AE89: =SUM(AR89,BE89,BR89,CE89,CR89) -> 0
A90: =A52 | B90: =B52 | C90: =C52 | E90: =E52 | F90: =F52 | T90: =SUM(AG90,AT90,BG90,BT90,CG90) -> 0 | U90: =SUM(AH90,AU90,BH90,BU90,CH90) -> 0 | V90: =SUM(AI90,AV90,BI90,BV90,CI90) -> 0 | W90: =SUM(AJ90,AW90,BJ90,BW90,CJ90) -> 0 | X90: =SUM(AK90,AX90,BK90,BX90,CK90) -> 0 | Y90: =SUM(AL90,AY90,BL90,BY90,CL90) -> 0 | Z90: =SUM(AM90,AZ90,BM90,BZ90,CM90) -> 0 | AA90: =SUM(AN90,BA90,BN90,CA90,CN90) -> 0 | ... AE90: =SUM(AR90,BE90,BR90,CE90,CR90) -> 0
A91: =A53 | B91: =B53 | C91: =C53 | E91: =E53 | F91: =F53 | T91: =SUM(AG91,AT91,BG91,BT91,CG91) -> 0 | U91: =SUM(AH91,AU91,BH91,BU91,CH91) -> 0 | V91: =SUM(AI91,AV91,BI91,BV91,CI91) -> 0 | W91: =SUM(AJ91,AW91,BJ91,BW91,CJ91) -> 0 | X91: =SUM(AK91,AX91,BK91,BX91,CK91) -> 0 | Y91: =SUM(AL91,AY91,BL91,BY91,CL91) -> 0 | Z91: =SUM(AM91,AZ91,BM91,BZ91,CM91) -> 0 | AA91: =SUM(AN91,BA91,BN91,CA91,CN91) -> 0 | ... AE91: =SUM(AR91,BE91,BR91,CE91,CR91) -> 0
... A109: =A71 | B109: =B71 | C109: =C71 | E109: =E71 | F109: =F71 | T109: =SUM(AG109,AT109,BG109,BT109,CG109) -> 0 | U109: =SUM(AH109,AU109,BH109,BU109,CH109) -> 0 | V109: =SUM(AI109,AV109,BI109,BV109,CI109) -> 0 | W109: =SUM(AJ109,AW109,BJ109,BW109,CJ109) -> 0 | X109: =SUM(AK109,AX109,BK109,BX109,CK109) -> 0 | Y109: =SUM(AL109,AY109,BL109,BY109,CL109) -> 0 | Z109: =SUM(AM109,AZ109,BM109,BZ109,CM109) -> 0 | AA109: =SUM(AN109,BA109,BN109,CA109,CN109) -> 0 | ... AE109: =SUM(AR109,BE109,BR109,CE109,CR109) -> 0
A116: # | B116: Vorname | C116: Nachname | E116: Beschäftigt auf Projekt seit | F116: Beschäftigt auf Projekt bis | G116: =G78+1 -> 1903 | T116: =G116 -> 1903 | AG116: =AG78+1 -> 1903 | AT116: =AT78+1 -> 1903 | BG116: =BG78+1 -> 1903 | BT116: =BT78+1 -> 1903 | CG116: =CG78+1 -> 1903
A117: # | G117: Jan | H117: Feb | I117: Mar | J117: Apr | K117: Mai | L117: Jun | M117: Jul | N117: Aug | O117: Sep | P117: Okt | Q117: Nov | R117: Dez | T117: Jan | U117: Feb | V117: Mar | W117: Apr | X117: Mai | Y117: Jun | Z117: Jul | AA117: Aug | AB117: Sep | AC117: Okt | AD117: Nov | AE117: Dez | AG117: Jan | AH117: Feb | AI117: Mar | AJ117: Apr | AK117: Mai | AL117: Jun | AM117: Jul | AN117: Aug | AO117: Sep | AP117: Okt | AQ117: Nov | AR117: Dez | AT117: Jan | AU117: Feb | AV117: Mar | AW117: Apr | AX117: Mai | AY117: Jun | AZ117: Jul | BA117: Aug | BB117: Sep | BC117: Okt | BD117: Nov | BE117: Dez | BG117: Jan | BH117: Feb | BI117: Mar | BJ117: Apr | BK117: Mai | BL117: Jun | BM117: Jul | BN117: Aug | BO117: Sep | BP117: Okt | BQ117: Nov | BR117: Dez | BT117: Jan | BU117: Feb | BV117: Mar | BW117: Apr | BX117: Mai | BY117: Jun | BZ117: Jul | CA117: Aug | CB117: Sep | CC117: Okt | CD117: Nov | CE117: Dez | CG117: Jan | CH117: Feb | CI117: Mar | CJ117: Apr | CK117: Mai | CL117: Jun | CM117: Jul | CN117: Aug | CO117: Sep | CP117: Okt | CQ117: Nov | CR117: Dez
A118: =A80 -> 1 | B118: =B80 | C118: =C80 | E118: =E80 | F118: =F80 | T118: =SUM(AG118,AT118,BG118,BT118,CG118) -> 0 | U118: =SUM(AH118,AU118,BH118,BU118,CH118) -> 0 | V118: =SUM(AI118,AV118,BI118,BV118,CI118) -> 0 | W118: =SUM(AJ118,AW118,BJ118,BW118,CJ118) -> 0 | X118: =SUM(AK118,AX118,BK118,BX118,CK118) -> 0 | Y118: =SUM(AL118,AY118,BL118,BY118,CL118) -> 0 | Z118: =SUM(AM118,AZ118,BM118,BZ118,CM118) -> 0 | AA118: =SUM(AN118,BA118,BN118,CA118,CN118) -> 0 | ... AE118: =SUM(AR118,BE118,BR118,CE118,CR118) -> 0
A119: =A81 | B119: =B81 | C119: =C81 | E119: =E81 | F119: =F81 | T119: =SUM(AG119,AT119,BG119,BT119,CG119) -> 0 | U119: =SUM(AH119,AU119,BH119,BU119,CH119) -> 0 | V119: =SUM(AI119,AV119,BI119,BV119,CI119) -> 0 | W119: =SUM(AJ119,AW119,BJ119,BW119,CJ119) -> 0 | X119: =SUM(AK119,AX119,BK119,BX119,CK119) -> 0 | Y119: =SUM(AL119,AY119,BL119,BY119,CL119) -> 0 | Z119: =SUM(AM119,AZ119,BM119,BZ119,CM119) -> 0 | AA119: =SUM(AN119,BA119,BN119,CA119,CN119) -> 0 | ... AE119: =SUM(AR119,BE119,BR119,CE119,CR119) -> 0
A120: =A82 | B120: =B82 | C120: =C82 | E120: =E82 | F120: =F82 | T120: =SUM(AG120,AT120,BG120,BT120,CG120) -> 0 | U120: =SUM(AH120,AU120,BH120,BU120,CH120) -> 0 | V120: =SUM(AI120,AV120,BI120,BV120,CI120) -> 0 | W120: =SUM(AJ120,AW120,BJ120,BW120,CJ120) -> 0 | X120: =SUM(AK120,AX120,BK120,BX120,CK120) -> 0 | Y120: =SUM(AL120,AY120,BL120,BY120,CL120) -> 0 | Z120: =SUM(AM120,AZ120,BM120,BZ120,CM120) -> 0 | AA120: =SUM(AN120,BA120,BN120,CA120,CN120) -> 0 | ... AE120: =SUM(AR120,BE120,BR120,CE120,CR120) -> 0
A121: =A83 | B121: =B83 | C121: =C83 | E121: =E83 | F121: =F83 | T121: =SUM(AG121,AT121,BG121,BT121,CG121) -> 0 | U121: =SUM(AH121,AU121,BH121,BU121,CH121) -> 0 | V121: =SUM(AI121,AV121,BI121,BV121,CI121) -> 0 | W121: =SUM(AJ121,AW121,BJ121,BW121,CJ121) -> 0 | X121: =SUM(AK121,AX121,BK121,BX121,CK121) -> 0 | Y121: =SUM(AL121,AY121,BL121,BY121,CL121) -> 0 | Z121: =SUM(AM121,AZ121,BM121,BZ121,CM121) -> 0 | AA121: =SUM(AN121,BA121,BN121,CA121,CN121) -> 0 | ... AE121: =SUM(AR121,BE121,BR121,CE121,CR121) -> 0
A122: =A84 | B122: =B84 | C122: =C84 | E122: =E84 | F122: =F84 | T122: =SUM(AG122,AT122,BG122,BT122,CG122) -> 0 | U122: =SUM(AH122,AU122,BH122,BU122,CH122) -> 0 | V122: =SUM(AI122,AV122,BI122,BV122,CI122) -> 0 | W122: =SUM(AJ122,AW122,BJ122,BW122,CJ122) -> 0 | X122: =SUM(AK122,AX122,BK122,BX122,CK122) -> 0 | Y122: =SUM(AL122,AY122,BL122,BY122,CL122) -> 0 | Z122: =SUM(AM122,AZ122,BM122,BZ122,CM122) -> 0 | AA122: =SUM(AN122,BA122,BN122,CA122,CN122) -> 0 | ... AE122: =SUM(AR122,BE122,BR122,CE122,CR122) -> 0
A123: =A85 | B123: =B85 | C123: =C85 | E123: =E85 | F123: =F85 | T123: =SUM(AG123,AT123,BG123,BT123,CG123) -> 0 | U123: =SUM(AH123,AU123,BH123,BU123,CH123) -> 0 | V123: =SUM(AI123,AV123,BI123,BV123,CI123) -> 0 | W123: =SUM(AJ123,AW123,BJ123,BW123,CJ123) -> 0 | X123: =SUM(AK123,AX123,BK123,BX123,CK123) -> 0 | Y123: =SUM(AL123,AY123,BL123,BY123,CL123) -> 0 | Z123: =SUM(AM123,AZ123,BM123,BZ123,CM123) -> 0 | AA123: =SUM(AN123,BA123,BN123,CA123,CN123) -> 0 | ... AE123: =SUM(AR123,BE123,BR123,CE123,CR123) -> 0
A124: =A86 | B124: =B86 | C124: =C86 | E124: =E86 | F124: =F86 | T124: =SUM(AG124,AT124,BG124,BT124,CG124) -> 0 | U124: =SUM(AH124,AU124,BH124,BU124,CH124) -> 0 | V124: =SUM(AI124,AV124,BI124,BV124,CI124) -> 0 | W124: =SUM(AJ124,AW124,BJ124,BW124,CJ124) -> 0 | X124: =SUM(AK124,AX124,BK124,BX124,CK124) -> 0 | Y124: =SUM(AL124,AY124,BL124,BY124,CL124) -> 0 | Z124: =SUM(AM124,AZ124,BM124,BZ124,CM124) -> 0 | AA124: =SUM(AN124,BA124,BN124,CA124,CN124) -> 0 | ... AE124: =SUM(AR124,BE124,BR124,CE124,CR124) -> 0
A125: =A87 | B125: =B87 | C125: =C87 | E125: =E87 | F125: =F87 | T125: =SUM(AG125,AT125,BG125,BT125,CG125) -> 0 | U125: =SUM(AH125,AU125,BH125,BU125,CH125) -> 0 | V125: =SUM(AI125,AV125,BI125,BV125,CI125) -> 0 | W125: =SUM(AJ125,AW125,BJ125,BW125,CJ125) -> 0 | X125: =SUM(AK125,AX125,BK125,BX125,CK125) -> 0 | Y125: =SUM(AL125,AY125,BL125,BY125,CL125) -> 0 | Z125: =SUM(AM125,AZ125,BM125,BZ125,CM125) -> 0 | AA125: =SUM(AN125,BA125,BN125,CA125,CN125) -> 0 | ... AE125: =SUM(AR125,BE125,BR125,CE125,CR125) -> 0
A126: =A88 | B126: =B88 | C126: =C88 | E126: =E88 | F126: =F88 | T126: =SUM(AG126,AT126,BG126,BT126,CG126) -> 0 | U126: =SUM(AH126,AU126,BH126,BU126,CH126) -> 0 | V126: =SUM(AI126,AV126,BI126,BV126,CI126) -> 0 | W126: =SUM(AJ126,AW126,BJ126,BW126,CJ126) -> 0 | X126: =SUM(AK126,AX126,BK126,BX126,CK126) -> 0 | Y126: =SUM(AL126,AY126,BL126,BY126,CL126) -> 0 | Z126: =SUM(AM126,AZ126,BM126,BZ126,CM126) -> 0 | AA126: =SUM(AN126,BA126,BN126,CA126,CN126) -> 0 | ... AE126: =SUM(AR126,BE126,BR126,CE126,CR126) -> 0
A127: =A89 | B127: =B89 | C127: =C89 | E127: =E89 | F127: =F89 | T127: =SUM(AG127,AT127,BG127,BT127,CG127) -> 0 | U127: =SUM(AH127,AU127,BH127,BU127,CH127) -> 0 | V127: =SUM(AI127,AV127,BI127,BV127,CI127) -> 0 | W127: =SUM(AJ127,AW127,BJ127,BW127,CJ127) -> 0 | X127: =SUM(AK127,AX127,BK127,BX127,CK127) -> 0 | Y127: =SUM(AL127,AY127,BL127,BY127,CL127) -> 0 | Z127: =SUM(AM127,AZ127,BM127,BZ127,CM127) -> 0 | AA127: =SUM(AN127,BA127,BN127,CA127,CN127) -> 0 | ... AE127: =SUM(AR127,BE127,BR127,CE127,CR127) -> 0
A128: =A90 | B128: =B90 | C128: =C90 | E128: =E90 | F128: =F90 | T128: =SUM(AG128,AT128,BG128,BT128,CG128) -> 0 | U128: =SUM(AH128,AU128,BH128,BU128,CH128) -> 0 | V128: =SUM(AI128,AV128,BI128,BV128,CI128) -> 0 | W128: =SUM(AJ128,AW128,BJ128,BW128,CJ128) -> 0 | X128: =SUM(AK128,AX128,BK128,BX128,CK128) -> 0 | Y128: =SUM(AL128,AY128,BL128,BY128,CL128) -> 0 | Z128: =SUM(AM128,AZ128,BM128,BZ128,CM128) -> 0 | AA128: =SUM(AN128,BA128,BN128,CA128,CN128) -> 0 | ... AE128: =SUM(AR128,BE128,BR128,CE128,CR128) -> 0
A129: =A91 | B129: =B91 | C129: =C91 | E129: =E91 | F129: =F91 | T129: =SUM(AG129,AT129,BG129,BT129,CG129) -> 0 | U129: =SUM(AH129,AU129,BH129,BU129,CH129) -> 0 | V129: =SUM(AI129,AV129,BI129,BV129,CI129) -> 0 | W129: =SUM(AJ129,AW129,BJ129,BW129,CJ129) -> 0 | X129: =SUM(AK129,AX129,BK129,BX129,CK129) -> 0 | Y129: =SUM(AL129,AY129,BL129,BY129,CL129) -> 0 | Z129: =SUM(AM129,AZ129,BM129,BZ129,CM129) -> 0 | AA129: =SUM(AN129,BA129,BN129,CA129,CN129) -> 0 | ... AE129: =SUM(AR129,BE129,BR129,CE129,CR129) -> 0
... A147: =A109 | B147: =B109 | C147: =C109 | E147: =E109 | F147: =F109 | T147: =SUM(AG147,AT147,BG147,BT147,CG147) -> 0 | U147: =SUM(AH147,AU147,BH147,BU147,CH147) -> 0 | V147: =SUM(AI147,AV147,BI147,BV147,CI147) -> 0 | W147: =SUM(AJ147,AW147,BJ147,BW147,CJ147) -> 0 | X147: =SUM(AK147,AX147,BK147,BX147,CK147) -> 0 | Y147: =SUM(AL147,AY147,BL147,BY147,CL147) -> 0 | Z147: =SUM(AM147,AZ147,BM147,BZ147,CM147) -> 0 | AA147: =SUM(AN147,BA147,BN147,CA147,CN147) -> 0 | ... AE147: =SUM(AR147,BE147,BR147,CE147,CR147) -> 0
A154: # | B154: Vorname | C154: Nachname | E154: Beschäftigt auf Projekt seit | F154: Beschäftigt auf Projekt bis | G154: =G116+1 -> 1904 | T154: =G154 -> 1904 | AG154: =AG116+1 -> 1904 | AT154: =AT116+1 -> 1904 | BG154: =BG116+1 -> 1904 | BT154: =BT116+1 -> 1904 | CG154: =CG116+1 -> 1904
A155: # | G155: Jan | H155: Feb | I155: Mar | J155: Apr | K155: Mai | L155: Jun | M155: Jul | N155: Aug | O155: Sep | P155: Okt | Q155: Nov | R155: Dez | T155: Jan | U155: Feb | V155: Mar | W155: Apr | X155: Mai | Y155: Jun | Z155: Jul | AA155: Aug | AB155: Sep | AC155: Okt | AD155: Nov | AE155: Dez | AG155: Jan | AH155: Feb | AI155: Mar | AJ155: Apr | AK155: Mai | AL155: Jun | AM155: Jul | AN155: Aug | AO155: Sep | AP155: Okt | AQ155: Nov | AR155: Dez | AT155: Jan | AU155: Feb | AV155: Mar | AW155: Apr | AX155: Mai | AY155: Jun | AZ155: Jul | BA155: Aug | BB155: Sep | BC155: Okt | BD155: Nov | BE155: Dez | BG155: Jan | BH155: Feb | BI155: Mar | BJ155: Apr | BK155: Mai | BL155: Jun | BM155: Jul | BN155: Aug | BO155: Sep | BP155: Okt | BQ155: Nov | BR155: Dez | BT155: Jan | BU155: Feb | BV155: Mar | BW155: Apr | BX155: Mai | BY155: Jun | BZ155: Jul | CA155: Aug | CB155: Sep | CC155: Okt | CD155: Nov | CE155: Dez | CG155: Jan | CH155: Feb | CI155: Mar | CJ155: Apr | CK155: Mai | CL155: Jun | CM155: Jul | CN155: Aug | CO155: Sep | CP155: Okt | CQ155: Nov | CR155: Dez
A156: =A118 -> 1 | B156: =B118 | C156: =C118 | E156: =E118 | F156: =F118 | T156: =SUM(AG156,AT156,BG156,BT156,CG156) -> 0 | U156: =SUM(AH156,AU156,BH156,BU156,CH156) -> 0 | V156: =SUM(AI156,AV156,BI156,BV156,CI156) -> 0 | W156: =SUM(AJ156,AW156,BJ156,BW156,CJ156) -> 0 | X156: =SUM(AK156,AX156,BK156,BX156,CK156) -> 0 | Y156: =SUM(AL156,AY156,BL156,BY156,CL156) -> 0 | Z156: =SUM(AM156,AZ156,BM156,BZ156,CM156) -> 0 | AA156: =SUM(AN156,BA156,BN156,CA156,CN156) -> 0 | ... AE156: =SUM(AR156,BE156,BR156,CE156,CR156) -> 0
A157: =A119 | B157: =B119 | C157: =C119 | E157: =E119 | F157: =F119 | T157: =SUM(AG157,AT157,BG157,BT157,CG157) -> 0 | U157: =SUM(AH157,AU157,BH157,BU157,CH157) -> 0 | V157: =SUM(AI157,AV157,BI157,BV157,CI157) -> 0 | W157: =SUM(AJ157,AW157,BJ157,BW157,CJ157) -> 0 | X157: =SUM(AK157,AX157,BK157,BX157,CK157) -> 0 | Y157: =SUM(AL157,AY157,BL157,BY157,CL157) -> 0 | Z157: =SUM(AM157,AZ157,BM157,BZ157,CM157) -> 0 | AA157: =SUM(AN157,BA157,BN157,CA157,CN157) -> 0 | ... AE157: =SUM(AR157,BE157,BR157,CE157,CR157) -> 0
A158: =A120 | B158: =B120 | C158: =C120 | E158: =E120 | F158: =F120 | T158: =SUM(AG158,AT158,BG158,BT158,CG158) -> 0 | U158: =SUM(AH158,AU158,BH158,BU158,CH158) -> 0 | V158: =SUM(AI158,AV158,BI158,BV158,CI158) -> 0 | W158: =SUM(AJ158,AW158,BJ158,BW158,CJ158) -> 0 | X158: =SUM(AK158,AX158,BK158,BX158,CK158) -> 0 | Y158: =SUM(AL158,AY158,BL158,BY158,CL158) -> 0 | Z158: =SUM(AM158,AZ158,BM158,BZ158,CM158) -> 0 | AA158: =SUM(AN158,BA158,BN158,CA158,CN158) -> 0 | ... AE158: =SUM(AR158,BE158,BR158,CE158,CR158) -> 0
A159: =A121 | B159: =B121 | C159: =C121 | E159: =E121 | F159: =F121 | T159: =SUM(AG159,AT159,BG159,BT159,CG159) -> 0 | U159: =SUM(AH159,AU159,BH159,BU159,CH159) -> 0 | V159: =SUM(AI159,AV159,BI159,BV159,CI159) -> 0 | W159: =SUM(AJ159,AW159,BJ159,BW159,CJ159) -> 0 | X159: =SUM(AK159,AX159,BK159,BX159,CK159) -> 0 | Y159: =SUM(AL159,AY159,BL159,BY159,CL159) -> 0 | Z159: =SUM(AM159,AZ159,BM159,BZ159,CM159) -> 0 | AA159: =SUM(AN159,BA159,BN159,CA159,CN159) -> 0 | ... AE159: =SUM(AR159,BE159,BR159,CE159,CR159) -> 0
A160: =A122 | B160: =B122 | C160: =C122 | E160: =E122 | F160: =F122 | T160: =SUM(AG160,AT160,BG160,BT160,CG160) -> 0 | U160: =SUM(AH160,AU160,BH160,BU160,CH160) -> 0 | V160: =SUM(AI160,AV160,BI160,BV160,CI160) -> 0 | W160: =SUM(AJ160,AW160,BJ160,BW160,CJ160) -> 0 | X160: =SUM(AK160,AX160,BK160,BX160,CK160) -> 0 | Y160: =SUM(AL160,AY160,BL160,BY160,CL160) -> 0 | Z160: =SUM(AM160,AZ160,BM160,BZ160,CM160) -> 0 | AA160: =SUM(AN160,BA160,BN160,CA160,CN160) -> 0 | ... AE160: =SUM(AR160,BE160,BR160,CE160,CR160) -> 0
A161: =A123 | B161: =B123 | C161: =C123 | E161: =E123 | F161: =F123 | T161: =SUM(AG161,AT161,BG161,BT161,CG161) -> 0 | U161: =SUM(AH161,AU161,BH161,BU161,CH161) -> 0 | V161: =SUM(AI161,AV161,BI161,BV161,CI161) -> 0 | W161: =SUM(AJ161,AW161,BJ161,BW161,CJ161) -> 0 | X161: =SUM(AK161,AX161,BK161,BX161,CK161) -> 0 | Y161: =SUM(AL161,AY161,BL161,BY161,CL161) -> 0 | Z161: =SUM(AM161,AZ161,BM161,BZ161,CM161) -> 0 | AA161: =SUM(AN161,BA161,BN161,CA161,CN161) -> 0 | ... AE161: =SUM(AR161,BE161,BR161,CE161,CR161) -> 0
A162: =A124 | B162: =B124 | C162: =C124 | E162: =E124 | F162: =F124 | T162: =SUM(AG162,AT162,BG162,BT162,CG162) -> 0 | U162: =SUM(AH162,AU162,BH162,BU162,CH162) -> 0 | V162: =SUM(AI162,AV162,BI162,BV162,CI162) -> 0 | W162: =SUM(AJ162,AW162,BJ162,BW162,CJ162) -> 0 | X162: =SUM(AK162,AX162,BK162,BX162,CK162) -> 0 | Y162: =SUM(AL162,AY162,BL162,BY162,CL162) -> 0 | Z162: =SUM(AM162,AZ162,BM162,BZ162,CM162) -> 0 | AA162: =SUM(AN162,BA162,BN162,CA162,CN162) -> 0 | ... AE162: =SUM(AR162,BE162,BR162,CE162,CR162) -> 0
A163: =A125 | B163: =B125 | C163: =C125 | E163: =E125 | F163: =F125 | T163: =SUM(AG163,AT163,BG163,BT163,CG163) -> 0 | U163: =SUM(AH163,AU163,BH163,BU163,CH163) -> 0 | V163: =SUM(AI163,AV163,BI163,BV163,CI163) -> 0 | W163: =SUM(AJ163,AW163,BJ163,BW163,CJ163) -> 0 | X163: =SUM(AK163,AX163,BK163,BX163,CK163) -> 0 | Y163: =SUM(AL163,AY163,BL163,BY163,CL163) -> 0 | Z163: =SUM(AM163,AZ163,BM163,BZ163,CM163) -> 0 | AA163: =SUM(AN163,BA163,BN163,CA163,CN163) -> 0 | ... AE163: =SUM(AR163,BE163,BR163,CE163,CR163) -> 0
A164: =A126 | B164: =B126 | C164: =C126 | E164: =E126 | F164: =F126 | T164: =SUM(AG164,AT164,BG164,BT164,CG164) -> 0 | U164: =SUM(AH164,AU164,BH164,BU164,CH164) -> 0 | V164: =SUM(AI164,AV164,BI164,BV164,CI164) -> 0 | W164: =SUM(AJ164,AW164,BJ164,BW164,CJ164) -> 0 | X164: =SUM(AK164,AX164,BK164,BX164,CK164) -> 0 | Y164: =SUM(AL164,AY164,BL164,BY164,CL164) -> 0 | Z164: =SUM(AM164,AZ164,BM164,BZ164,CM164) -> 0 | AA164: =SUM(AN164,BA164,BN164,CA164,CN164) -> 0 | ... AE164: =SUM(AR164,BE164,BR164,CE164,CR164) -> 0
A165: =A127 | B165: =B127 | C165: =C127 | E165: =E127 | F165: =F127 | T165: =SUM(AG165,AT165,BG165,BT165,CG165) -> 0 | U165: =SUM(AH165,AU165,BH165,BU165,CH165) -> 0 | V165: =SUM(AI165,AV165,BI165,BV165,CI165) -> 0 | W165: =SUM(AJ165,AW165,BJ165,BW165,CJ165) -> 0 | X165: =SUM(AK165,AX165,BK165,BX165,CK165) -> 0 | Y165: =SUM(AL165,AY165,BL165,BY165,CL165) -> 0 | Z165: =SUM(AM165,AZ165,BM165,BZ165,CM165) -> 0 | AA165: =SUM(AN165,BA165,BN165,CA165,CN165) -> 0 | ... AE165: =SUM(AR165,BE165,BR165,CE165,CR165) -> 0
A166: =A128 | B166: =B128 | C166: =C128 | E166: =E128 | F166: =F128 | T166: =SUM(AG166,AT166,BG166,BT166,CG166) -> 0 | U166: =SUM(AH166,AU166,BH166,BU166,CH166) -> 0 | V166: =SUM(AI166,AV166,BI166,BV166,CI166) -> 0 | W166: =SUM(AJ166,AW166,BJ166,BW166,CJ166) -> 0 | X166: =SUM(AK166,AX166,BK166,BX166,CK166) -> 0 | Y166: =SUM(AL166,AY166,BL166,BY166,CL166) -> 0 | Z166: =SUM(AM166,AZ166,BM166,BZ166,CM166) -> 0 | AA166: =SUM(AN166,BA166,BN166,CA166,CN166) -> 0 | ... AE166: =SUM(AR166,BE166,BR166,CE166,CR166) -> 0
A167: =A129 | B167: =B129 | C167: =C129 | E167: =E129 | F167: =F129 | T167: =SUM(AG167,AT167,BG167,BT167,CG167) -> 0 | U167: =SUM(AH167,AU167,BH167,BU167,CH167) -> 0 | V167: =SUM(AI167,AV167,BI167,BV167,CI167) -> 0 | W167: =SUM(AJ167,AW167,BJ167,BW167,CJ167) -> 0 | X167: =SUM(AK167,AX167,BK167,BX167,CK167) -> 0 | Y167: =SUM(AL167,AY167,BL167,BY167,CL167) -> 0 | Z167: =SUM(AM167,AZ167,BM167,BZ167,CM167) -> 0 | AA167: =SUM(AN167,BA167,BN167,CA167,CN167) -> 0 | ... AE167: =SUM(AR167,BE167,BR167,CE167,CR167) -> 0
... A185: =A147 | B185: =B147 | C185: =C147 | E185: =E147 | F185: =F147 | T185: =SUM(AG185,AT185,BG185,BT185,CG185) -> 0 | U185: =SUM(AH185,AU185,BH185,BU185,CH185) -> 0 | V185: =SUM(AI185,AV185,BI185,BV185,CI185) -> 0 | W185: =SUM(AJ185,AW185,BJ185,BW185,CJ185) -> 0 | X185: =SUM(AK185,AX185,BK185,BX185,CK185) -> 0 | Y185: =SUM(AL185,AY185,BL185,BY185,CL185) -> 0 | Z185: =SUM(AM185,AZ185,BM185,BZ185,CM185) -> 0 | AA185: =SUM(AN185,BA185,BN185,CA185,CN185) -> 0 | ... AE185: =SUM(AR185,BE185,BR185,CE185,CR185) -> 0
A192: # | B192: Vorname | C192: Nachname | E192: Beschäftigt auf Projekt seit | F192: Beschäftigt auf Projekt bis | G192: =G154+1 -> 1905 | T192: =G192 -> 1905 | AG192: =AG154+1 -> 1905 | AT192: =AT154+1 -> 1905 | BG192: =BG154+1 -> 1905 | BT192: =BT154+1 -> 1905 | CG192: =CG154+1 -> 1905
A193: # | G193: Jan | H193: Feb | I193: Mar | J193: Apr | K193: Mai | L193: Jun | M193: Jul | N193: Aug | O193: Sep | P193: Okt | Q193: Nov | R193: Dez | T193: Jan | U193: Feb | V193: Mar | W193: Apr | X193: Mai | Y193: Jun | Z193: Jul | AA193: Aug | AB193: Sep | AC193: Okt | AD193: Nov | AE193: Dez | AG193: Jan | AH193: Feb | AI193: Mar | AJ193: Apr | AK193: Mai | AL193: Jun | AM193: Jul | AN193: Aug | AO193: Sep | AP193: Okt | AQ193: Nov | AR193: Dez | AT193: Jan | AU193: Feb | AV193: Mar | AW193: Apr | AX193: Mai | AY193: Jun | AZ193: Jul | BA193: Aug | BB193: Sep | BC193: Okt | BD193: Nov | BE193: Dez | BG193: Jan | BH193: Feb | BI193: Mar | BJ193: Apr | BK193: Mai | BL193: Jun | BM193: Jul | BN193: Aug | BO193: Sep | BP193: Okt | BQ193: Nov | BR193: Dez | BT193: Jan | BU193: Feb | BV193: Mar | BW193: Apr | BX193: Mai | BY193: Jun | BZ193: Jul | CA193: Aug | CB193: Sep | CC193: Okt | CD193: Nov | CE193: Dez | CG193: Jan | CH193: Feb | CI193: Mar | CJ193: Apr | CK193: Mai | CL193: Jun | CM193: Jul | CN193: Aug | CO193: Sep | CP193: Okt | CQ193: Nov | CR193: Dez
A194: =A156 -> 1 | B194: =B156 | C194: =C156 | E194: =E156 | F194: =F156 | T194: =SUM(AG194,AT194,BG194,BT194,CG194) -> 0 | U194: =SUM(AH194,AU194,BH194,BU194,CH194) -> 0 | V194: =SUM(AI194,AV194,BI194,BV194,CI194) -> 0 | W194: =SUM(AJ194,AW194,BJ194,BW194,CJ194) -> 0 | X194: =SUM(AK194,AX194,BK194,BX194,CK194) -> 0 | Y194: =SUM(AL194,AY194,BL194,BY194,CL194) -> 0 | Z194: =SUM(AM194,AZ194,BM194,BZ194,CM194) -> 0 | AA194: =SUM(AN194,BA194,BN194,CA194,CN194) -> 0 | ... AE194: =SUM(AR194,BE194,BR194,CE194,CR194) -> 0
A195: =A157 | B195: =B157 | C195: =C157 | E195: =E157 | F195: =F157 | T195: =SUM(AG195,AT195,BG195,BT195,CG195) -> 0 | U195: =SUM(AH195,AU195,BH195,BU195,CH195) -> 0 | V195: =SUM(AI195,AV195,BI195,BV195,CI195) -> 0 | W195: =SUM(AJ195,AW195,BJ195,BW195,CJ195) -> 0 | X195: =SUM(AK195,AX195,BK195,BX195,CK195) -> 0 | Y195: =SUM(AL195,AY195,BL195,BY195,CL195) -> 0 | Z195: =SUM(AM195,AZ195,BM195,BZ195,CM195) -> 0 | AA195: =SUM(AN195,BA195,BN195,CA195,CN195) -> 0 | ... AE195: =SUM(AR195,BE195,BR195,CE195,CR195) -> 0
A196: =A158 | B196: =B158 | C196: =C158 | E196: =E158 | F196: =F158 | T196: =SUM(AG196,AT196,BG196,BT196,CG196) -> 0 | U196: =SUM(AH196,AU196,BH196,BU196,CH196) -> 0 | V196: =SUM(AI196,AV196,BI196,BV196,CI196) -> 0 | W196: =SUM(AJ196,AW196,BJ196,BW196,CJ196) -> 0 | X196: =SUM(AK196,AX196,BK196,BX196,CK196) -> 0 | Y196: =SUM(AL196,AY196,BL196,BY196,CL196) -> 0 | Z196: =SUM(AM196,AZ196,BM196,BZ196,CM196) -> 0 | AA196: =SUM(AN196,BA196,BN196,CA196,CN196) -> 0 | ... AE196: =SUM(AR196,BE196,BR196,CE196,CR196) -> 0
A197: =A159 | B197: =B159 | C197: =C159 | E197: =E159 | F197: =F159 | T197: =SUM(AG197,AT197,BG197,BT197,CG197) -> 0 | U197: =SUM(AH197,AU197,BH197,BU197,CH197) -> 0 | V197: =SUM(AI197,AV197,BI197,BV197,CI197) -> 0 | W197: =SUM(AJ197,AW197,BJ197,BW197,CJ197) -> 0 | X197: =SUM(AK197,AX197,BK197,BX197,CK197) -> 0 | Y197: =SUM(AL197,AY197,BL197,BY197,CL197) -> 0 | Z197: =SUM(AM197,AZ197,BM197,BZ197,CM197) -> 0 | AA197: =SUM(AN197,BA197,BN197,CA197,CN197) -> 0 | ... AE197: =SUM(AR197,BE197,BR197,CE197,CR197) -> 0
A198: =A160 | B198: =B160 | C198: =C160 | E198: =E160 | F198: =F160 | T198: =SUM(AG198,AT198,BG198,BT198,CG198) -> 0 | U198: =SUM(AH198,AU198,BH198,BU198,CH198) -> 0 | V198: =SUM(AI198,AV198,BI198,BV198,CI198) -> 0 | W198: =SUM(AJ198,AW198,BJ198,BW198,CJ198) -> 0 | X198: =SUM(AK198,AX198,BK198,BX198,CK198) -> 0 | Y198: =SUM(AL198,AY198,BL198,BY198,CL198) -> 0 | Z198: =SUM(AM198,AZ198,BM198,BZ198,CM198) -> 0 | AA198: =SUM(AN198,BA198,BN198,CA198,CN198) -> 0 | ... AE198: =SUM(AR198,BE198,BR198,CE198,CR198) -> 0
A199: =A161 | B199: =B161 | C199: =C161 | E199: =E161 | F199: =F161 | T199: =SUM(AG199,AT199,BG199,BT199,CG199) -> 0 | U199: =SUM(AH199,AU199,BH199,BU199,CH199) -> 0 | V199: =SUM(AI199,AV199,BI199,BV199,CI199) -> 0 | W199: =SUM(AJ199,AW199,BJ199,BW199,CJ199) -> 0 | X199: =SUM(AK199,AX199,BK199,BX199,CK199) -> 0 | Y199: =SUM(AL199,AY199,BL199,BY199,CL199) -> 0 | Z199: =SUM(AM199,AZ199,BM199,BZ199,CM199) -> 0 | AA199: =SUM(AN199,BA199,BN199,CA199,CN199) -> 0 | ... AE199: =SUM(AR199,BE199,BR199,CE199,CR199) -> 0
A200: =A162 | B200: =B162 | C200: =C162 | E200: =E162 | F200: =F162 | T200: =SUM(AG200,AT200,BG200,BT200,CG200) -> 0 | U200: =SUM(AH200,AU200,BH200,BU200,CH200) -> 0 | V200: =SUM(AI200,AV200,BI200,BV200,CI200) -> 0 | W200: =SUM(AJ200,AW200,BJ200,BW200,CJ200) -> 0 | X200: =SUM(AK200,AX200,BK200,BX200,CK200) -> 0 | Y200: =SUM(AL200,AY200,BL200,BY200,CL200) -> 0 | Z200: =SUM(AM200,AZ200,BM200,BZ200,CM200) -> 0 | AA200: =SUM(AN200,BA200,BN200,CA200,CN200) -> 0 | ... AE200: =SUM(AR200,BE200,BR200,CE200,CR200) -> 0
A201: =A163 | B201: =B163 | C201: =C163 | E201: =E163 | F201: =F163 | T201: =SUM(AG201,AT201,BG201,BT201,CG201) -> 0 | U201: =SUM(AH201,AU201,BH201,BU201,CH201) -> 0 | V201: =SUM(AI201,AV201,BI201,BV201,CI201) -> 0 | W201: =SUM(AJ201,AW201,BJ201,BW201,CJ201) -> 0 | X201: =SUM(AK201,AX201,BK201,BX201,CK201) -> 0 | Y201: =SUM(AL201,AY201,BL201,BY201,CL201) -> 0 | Z201: =SUM(AM201,AZ201,BM201,BZ201,CM201) -> 0 | AA201: =SUM(AN201,BA201,BN201,CA201,CN201) -> 0 | ... AE201: =SUM(AR201,BE201,BR201,CE201,CR201) -> 0
A202: =A164 | B202: =B164 | C202: =C164 | E202: =E164 | F202: =F164 | T202: =SUM(AG202,AT202,BG202,BT202,CG202) -> 0 | U202: =SUM(AH202,AU202,BH202,BU202,CH202) -> 0 | V202: =SUM(AI202,AV202,BI202,BV202,CI202) -> 0 | W202: =SUM(AJ202,AW202,BJ202,BW202,CJ202) -> 0 | X202: =SUM(AK202,AX202,BK202,BX202,CK202) -> 0 | Y202: =SUM(AL202,AY202,BL202,BY202,CL202) -> 0 | Z202: =SUM(AM202,AZ202,BM202,BZ202,CM202) -> 0 | AA202: =SUM(AN202,BA202,BN202,CA202,CN202) -> 0 | ... AE202: =SUM(AR202,BE202,BR202,CE202,CR202) -> 0
A203: =A165 | B203: =B165 | C203: =C165 | E203: =E165 | F203: =F165 | T203: =SUM(AG203,AT203,BG203,BT203,CG203) -> 0 | U203: =SUM(AH203,AU203,BH203,BU203,CH203) -> 0 | V203: =SUM(AI203,AV203,BI203,BV203,CI203) -> 0 | W203: =SUM(AJ203,AW203,BJ203,BW203,CJ203) -> 0 | X203: =SUM(AK203,AX203,BK203,BX203,CK203) -> 0 | Y203: =SUM(AL203,AY203,BL203,BY203,CL203) -> 0 | Z203: =SUM(AM203,AZ203,BM203,BZ203,CM203) -> 0 | AA203: =SUM(AN203,BA203,BN203,CA203,CN203) -> 0 | ... AE203: =SUM(AR203,BE203,BR203,CE203,CR203) -> 0
A204: =A166 | B204: =B166 | C204: =C166 | E204: =E166 | F204: =F166 | T204: =SUM(AG204,AT204,BG204,BT204,CG204) -> 0 | U204: =SUM(AH204,AU204,BH204,BU204,CH204) -> 0 | V204: =SUM(AI204,AV204,BI204,BV204,CI204) -> 0 | W204: =SUM(AJ204,AW204,BJ204,BW204,CJ204) -> 0 | X204: =SUM(AK204,AX204,BK204,BX204,CK204) -> 0 | Y204: =SUM(AL204,AY204,BL204,BY204,CL204) -> 0 | Z204: =SUM(AM204,AZ204,BM204,BZ204,CM204) -> 0 | AA204: =SUM(AN204,BA204,BN204,CA204,CN204) -> 0 | ... AE204: =SUM(AR204,BE204,BR204,CE204,CR204) -> 0
A205: =A167 | B205: =B167 | C205: =C167 | E205: =E167 | F205: =F167 | T205: =SUM(AG205,AT205,BG205,BT205,CG205) -> 0 | U205: =SUM(AH205,AU205,BH205,BU205,CH205) -> 0 | V205: =SUM(AI205,AV205,BI205,BV205,CI205) -> 0 | W205: =SUM(AJ205,AW205,BJ205,BW205,CJ205) -> 0 | X205: =SUM(AK205,AX205,BK205,BX205,CK205) -> 0 | Y205: =SUM(AL205,AY205,BL205,BY205,CL205) -> 0 | Z205: =SUM(AM205,AZ205,BM205,BZ205,CM205) -> 0 | AA205: =SUM(AN205,BA205,BN205,CA205,CN205) -> 0 | ... AE205: =SUM(AR205,BE205,BR205,CE205,CR205) -> 0
... A223: =A185 | B223: =B185 | C223: =C185 | E223: =E185 | F223: =F185 | T223: =SUM(AG223,AT223,BG223,BT223,CG223) -> 0 | U223: =SUM(AH223,AU223,BH223,BU223,CH223) -> 0 | V223: =SUM(AI223,AV223,BI223,BV223,CI223) -> 0 | W223: =SUM(AJ223,AW223,BJ223,BW223,CJ223) -> 0 | X223: =SUM(AK223,AX223,BK223,BX223,CK223) -> 0 | Y223: =SUM(AL223,AY223,BL223,BY223,CL223) -> 0 | Z223: =SUM(AM223,AZ223,BM223,BZ223,CM223) -> 0 | AA223: =SUM(AN223,BA223,BN223,CA223,CN223) -> 0 | ... AE223: =SUM(AR223,BE223,BR223,CE223,CR223) -> 0
A230: # | B230: Vorname | C230: Nachname | E230: Beschäftigt auf Projekt seit | F230: Beschäftigt auf Projekt bis | G230: =G192+1 -> 1906 | T230: =G230 -> 1906 | AG230: =AG192+1 -> 1906 | AT230: =AT192+1 -> 1906 | BG230: =BG192+1 -> 1906 | BT230: =BT192+1 -> 1906 | CG230: =CG192+1 -> 1906
A231: # | G231: Jan | H231: Feb | I231: Mar | J231: Apr | K231: Mai | L231: Jun | M231: Jul | N231: Aug | O231: Sep | P231: Okt | Q231: Nov | R231: Dez | T231: Jan | U231: Feb | V231: Mar | W231: Apr | X231: Mai | Y231: Jun | Z231: Jul | AA231: Aug | AB231: Sep | AC231: Okt | AD231: Nov | AE231: Dez | AG231: Jan | AH231: Feb | AI231: Mar | AJ231: Apr | AK231: Mai | AL231: Jun | AM231: Jul | AN231: Aug | AO231: Sep | AP231: Okt | AQ231: Nov | AR231: Dez | AT231: Jan | AU231: Feb | AV231: Mar | AW231: Apr | AX231: Mai | AY231: Jun | AZ231: Jul | BA231: Aug | BB231: Sep | BC231: Okt | BD231: Nov | BE231: Dez | BG231: Jan | BH231: Feb | BI231: Mar | BJ231: Apr | BK231: Mai | BL231: Jun | BM231: Jul | BN231: Aug | BO231: Sep | BP231: Okt | BQ231: Nov | BR231: Dez | BT231: Jan | BU231: Feb | BV231: Mar | BW231: Apr | BX231: Mai | BY231: Jun | BZ231: Jul | CA231: Aug | CB231: Sep | CC231: Okt | CD231: Nov | CE231: Dez | CG231: Jan | CH231: Feb | CI231: Mar | CJ231: Apr | CK231: Mai | CL231: Jun | CM231: Jul | CN231: Aug | CO231: Sep | CP231: Okt | CQ231: Nov | CR231: Dez
A232: =A194 -> 1 | B232: =B194 | C232: =C194 | E232: =E194 | F232: =F194 | T232: =SUM(AG232,AT232,BG232,BT232,CG232) -> 0 | U232: =SUM(AH232,AU232,BH232,BU232,CH232) -> 0 | V232: =SUM(AI232,AV232,BI232,BV232,CI232) -> 0 | W232: =SUM(AJ232,AW232,BJ232,BW232,CJ232) -> 0 | X232: =SUM(AK232,AX232,BK232,BX232,CK232) -> 0 | Y232: =SUM(AL232,AY232,BL232,BY232,CL232) -> 0 | Z232: =SUM(AM232,AZ232,BM232,BZ232,CM232) -> 0 | AA232: =SUM(AN232,BA232,BN232,CA232,CN232) -> 0 | ... AE232: =SUM(AR232,BE232,BR232,CE232,CR232) -> 0
A233: =A195 | B233: =B195 | C233: =C195 | E233: =E195 | F233: =F195 | T233: =SUM(AG233,AT233,BG233,BT233,CG233) -> 0 | U233: =SUM(AH233,AU233,BH233,BU233,CH233) -> 0 | V233: =SUM(AI233,AV233,BI233,BV233,CI233) -> 0 | W233: =SUM(AJ233,AW233,BJ233,BW233,CJ233) -> 0 | X233: =SUM(AK233,AX233,BK233,BX233,CK233) -> 0 | Y233: =SUM(AL233,AY233,BL233,BY233,CL233) -> 0 | Z233: =SUM(AM233,AZ233,BM233,BZ233,CM233) -> 0 | AA233: =SUM(AN233,BA233,BN233,CA233,CN233) -> 0 | ... AE233: =SUM(AR233,BE233,BR233,CE233,CR233) -> 0
A234: =A196 | B234: =B196 | C234: =C196 | E234: =E196 | F234: =F196 | T234: =SUM(AG234,AT234,BG234,BT234,CG234) -> 0 | U234: =SUM(AH234,AU234,BH234,BU234,CH234) -> 0 | V234: =SUM(AI234,AV234,BI234,BV234,CI234) -> 0 | W234: =SUM(AJ234,AW234,BJ234,BW234,CJ234) -> 0 | X234: =SUM(AK234,AX234,BK234,BX234,CK234) -> 0 | Y234: =SUM(AL234,AY234,BL234,BY234,CL234) -> 0 | Z234: =SUM(AM234,AZ234,BM234,BZ234,CM234) -> 0 | AA234: =SUM(AN234,BA234,BN234,CA234,CN234) -> 0 | ... AE234: =SUM(AR234,BE234,BR234,CE234,CR234) -> 0
A235: =A197 | B235: =B197 | C235: =C197 | E235: =E197 | F235: =F197 | T235: =SUM(AG235,AT235,BG235,BT235,CG235) -> 0 | U235: =SUM(AH235,AU235,BH235,BU235,CH235) -> 0 | V235: =SUM(AI235,AV235,BI235,BV235,CI235) -> 0 | W235: =SUM(AJ235,AW235,BJ235,BW235,CJ235) -> 0 | X235: =SUM(AK235,AX235,BK235,BX235,CK235) -> 0 | Y235: =SUM(AL235,AY235,BL235,BY235,CL235) -> 0 | Z235: =SUM(AM235,AZ235,BM235,BZ235,CM235) -> 0 | AA235: =SUM(AN235,BA235,BN235,CA235,CN235) -> 0 | ... AE235: =SUM(AR235,BE235,BR235,CE235,CR235) -> 0
A236: =A198 | B236: =B198 | C236: =C198 | E236: =E198 | F236: =F198 | T236: =SUM(AG236,AT236,BG236,BT236,CG236) -> 0 | U236: =SUM(AH236,AU236,BH236,BU236,CH236) -> 0 | V236: =SUM(AI236,AV236,BI236,BV236,CI236) -> 0 | W236: =SUM(AJ236,AW236,BJ236,BW236,CJ236) -> 0 | X236: =SUM(AK236,AX236,BK236,BX236,CK236) -> 0 | Y236: =SUM(AL236,AY236,BL236,BY236,CL236) -> 0 | Z236: =SUM(AM236,AZ236,BM236,BZ236,CM236) -> 0 | AA236: =SUM(AN236,BA236,BN236,CA236,CN236) -> 0 | ... AE236: =SUM(AR236,BE236,BR236,CE236,CR236) -> 0
A237: =A199 | B237: =B199 | C237: =C199 | E237: =E199 | F237: =F199 | T237: =SUM(AG237,AT237,BG237,BT237,CG237) -> 0 | U237: =SUM(AH237,AU237,BH237,BU237,CH237) -> 0 | V237: =SUM(AI237,AV237,BI237,BV237,CI237) -> 0 | W237: =SUM(AJ237,AW237,BJ237,BW237,CJ237) -> 0 | X237: =SUM(AK237,AX237,BK237,BX237,CK237) -> 0 | Y237: =SUM(AL237,AY237,BL237,BY237,CL237) -> 0 | Z237: =SUM(AM237,AZ237,BM237,BZ237,CM237) -> 0 | AA237: =SUM(AN237,BA237,BN237,CA237,CN237) -> 0 | ... AE237: =SUM(AR237,BE237,BR237,CE237,CR237) -> 0
A238: =A200 | B238: =B200 | C238: =C200 | E238: =E200 | F238: =F200 | T238: =SUM(AG238,AT238,BG238,BT238,CG238) -> 0 | U238: =SUM(AH238,AU238,BH238,BU238,CH238) -> 0 | V238: =SUM(AI238,AV238,BI238,BV238,CI238) -> 0 | W238: =SUM(AJ238,AW238,BJ238,BW238,CJ238) -> 0 | X238: =SUM(AK238,AX238,BK238,BX238,CK238) -> 0 | Y238: =SUM(AL238,AY238,BL238,BY238,CL238) -> 0 | Z238: =SUM(AM238,AZ238,BM238,BZ238,CM238) -> 0 | AA238: =SUM(AN238,BA238,BN238,CA238,CN238) -> 0 | ... AE238: =SUM(AR238,BE238,BR238,CE238,CR238) -> 0
...
